SL,Gender,Year,CGPA,Family Status,Relationship Status,Financial Stress,Previous Experiences of Extreme Ragging,Session Jam,Social Circle,Adjustment Challenges ,On Campus Mental Health Consultancy Service,Do you feel peer pressure?,University Educational System from your point of view ,Do you feel depressed?,Any Additional Comment,Item 1,Item 2,Item 3,Iitem 4,Item 5,,,
1001,Male,4th,3.8-4.00,Supportive,Single,Self Earner,No,Frequently,Small,Yes,Absent,Yes,Stressful,Yes,,Yes,Yes,Yes,Yes,Yes,,,
1002,Male,4th,3.5-3.8,Not Supportive,Single,Self Earner,Yes,Occasionally,Small,Yes,Absent,Yes,Stressful,Yes,,Yes,Yes,Yes,Yes,Yes,,,
1003,Male,4th,3.0-3.5,Moderate,Single,Supported by family,Yes,Occasionally,Small,Yes,Absent,Yes,Stressful,Yes,,Yes,Yes,Yes,Yes,Yes,,,
1004,Female,2nd,2.5-3.0,Moderate,Single,Self Earner,Yes,Occasionally,Small,Yes,Absent,Yes,Stressful,Yes,,Yes,Yes,Yes,Yes,Yes,,,
1005,Female,4th,3.5-3.8,Supportive,Single,Supported by family,No,Occasionally,Small,Yes,Absent,Yes,Stressful,Yes,N/A,Yes,Yes,Yes,Yes,Yes,,,
1006,Female,3rd,2.5-3.0,Moderate,Single,Supported by family,No,Occasionally,Small,Moderate,Absent,Yes,Stressful,Yes,,No,Yes,Yes,Yes,Yes,,,
1007,Male,4th,3.0-3.5,Moderate,Single,Supported by family,Yes,Occasionally,Small,Yes,Absent,Yes,Stressful,Yes,,Yes,Yes,Yes,Yes,Yes,,,
1008,Male,4th,3.5-3.8,Supportive,Single,Supported by family,No,Frequently,Large,Moderate,Absent,No,Stressful,No,,No,Yes,No,No,No,,,
1009,Female,4th,3.5-3.8,Moderate,Single,Supported by family,No,Occasionally,Small,Moderate,Absent,Yes,Stressful,Yes,"Yes i am depressed,, Sometimes i wanna die,, then i remember about my family and don't quit..",No,Yes,Yes,Yes,Yes,,,
1010,Male,3rd,2.5-3.0,Supportive,Single,Supported by family,No,Occasionally,Small,Moderate,Absent,Yes,Stressful,Yes,N/A,No,Yes,Yes,Yes,Yes,,,
1011,Female,4th,3.0-3.5,Supportive,Single,Supported by family,No,Occasionally,Moderate,Yes,Present,Yes,Stressful,Yes,,Yes,No,Yes,Yes,Yes,,,
1012,Male,4th,3.0-3.5,Supportive,Single,Self Earner,Yes,Frequently,Small,Moderate,Absent,Yes,Stressful,Yes,,No,Yes,Yes,Yes,Yes,,,
1013,Male,4th,3.5-3.8,Supportive,Single,Self Earner,No,Occasionally,Moderate,Moderate,Absent,No,Adjustable,No,"Life is beautiful, enjoy it",No,No,No,No,No,,,
1014,Male,4th,3.5-3.8,Supportive,Single,Self Earner,No,Occasionally,Moderate,Moderate,Absent,Yes,Stressful,No,I just adjusted ,No,No,No,Yes,No,,,
1015,Male,4th,3.0-3.5,Moderate,Married,Self Earner,Yes,Frequently,Moderate,No,Absent,Yes,Stressful,Yes,No. ,No,Yes,Yes,Yes,Yes,,,
1016,Female,4th,3.8-4.00,Supportive,Single,Supported by family,No,Occasionally,Small,Yes,Absent,No,Stressful,Yes,,Yes,Yes,No,Yes,Yes,,,
1017,Female,1st,2.5-3.0,Not Supportive,Single,Self Earner,Yes,Occasionally,Small,Yes,Absent,No,Stressful,Yes,N/A,Yes,Yes,No,Yes,Yes,,,
1018,Male,1st,3.0-3.5,Moderate,Single,Self Earner,Yes,Occasionally,Small,Yes,Absent,Yes,Stressful,Yes,Life is not a bed of roses :),Yes,Yes,Yes,Yes,Yes,,,
1019,Male,1st,3.0-3.5,Not Supportive,Single,Self Earner,Yes,Occasionally,Small,Yes,Absent,No,Stressful,Yes,,Yes,Yes,No,Yes,Yes,,,
1020,Female,4th,3.5-3.8,Supportive,Single,Supported by family,No,Frequently,Small,Moderate,Absent,Yes,Stressful,Yes,N/A,No,Yes,Yes,Yes,Yes,,,
1021,Female,4th,3.5-3.8,Supportive,Single,Supported by family,No,Occasionally,Small,No,Present,No,Adjustable,No,,No,No,No,No,No,,,
1022,Male,4th,3.0-3.5,Supportive,Single,Supported by family,No,Occasionally,Moderate,Moderate,Absent,No,Adjustable,No,No,No,No,No,No,No,,,
1023,Female,4th,3.8-4.00,Supportive,Single,Supported by family,No,Occasionally,Small,Yes,Absent,Yes,Adjustable,Yes,no,Yes,No,Yes,No,Yes,,,
1024,Female,4th,3.0-3.5,Supportive,Single,Supported by family,No,Frequently,Moderate,Moderate,Absent,Yes,Adjustable,Yes,,No,No,Yes,No,Yes,,,
1025,Female,4th,3.5-3.8,Supportive,Single,Supported by family,No,Occasionally,Small,Yes,Absent,No,Stressful,Yes,,Yes,Yes,No,Yes,Yes,,,
1026,Male,4th,3.8-4.00,Supportive,Single,Supported by family,No,Frequently,Small,No,Present,Yes,Stressful,No,,No,No,Yes,No,No,,,
1027,Female,4th,3.8-4.00,Supportive,Single,Self Earner,No,Occasionally,Moderate,No,Absent,No,Stressful,Yes,Sometimes life becomes stressful due to educational pressure.,No,Yes,No,Yes,Yes,,,
1028,Male,2nd,2.5-3.0,Not Supportive,Single,Self Earner,Yes,Occasionally,Small,Yes,Absent,Yes,Stressful,Yes,,Yes,Yes,Yes,Yes,Yes,,,
1029,Female,2nd,2.5-3.0,Moderate,Married,Self Earner,Yes,Occasionally,Small,Yes,Absent,Yes,Stressful,Yes,,Yes,Yes,Yes,Yes,Yes,,,
1030,Female,4th,2.5-3.0,Moderate,Single,Supported by family,No,Occasionally,Small,Yes,Absent,Yes,Stressful,Yes,à¦­à¦¾à¦²à§à¦²à¦¾à¦—à§‡ à¦¨à¦¾ à¦•à¦¿à¦›à§à¦‡ :'') ,Yes,Yes,Yes,Yes,Yes,,,
1031,Male,3rd,2.5-3.0,Not Supportive,Single,Self Earner,Yes,Occasionally,Small,Yes,Absent,Yes,Stressful,Yes,Allah amak uthaiye nao,Yes,Yes,Yes,Yes,Yes,,,
1032,Male,3rd,3.0-3.5,Moderate,Single,Self Earner,No,Occasionally,Small,Yes,Absent,Yes,Stressful,Yes,,Yes,Yes,Yes,Yes,Yes,,,
1033,Male,4th,2.5-3.0,Moderate,Single,Self Earner,Yes,Occasionally,Small,Moderate,Absent,Yes,Stressful,Yes,,No,Yes,Yes,Yes,Yes,,,
1034,Male,3rd,3.0-3.5,Supportive,Single,Supported by family,No,Occasionally,Small,Yes,Absent,No,Stressful,Yes,,Yes,Yes,No,Yes,Yes,,,
1035,Female,4th,3.5-3.8,Supportive,Single,Supported by family,No,Occasionally,Large,No,Absent,No,Stressful,No,,No,Yes,No,No,No,,,
1036,Male,4th,3.0-3.5,Moderate,Single,Self Earner,Yes,Occasionally,Small,Moderate,Present,Yes,Stressful,Yes,,No,No,Yes,Yes,Yes,,,
1037,Female,3rd,2.5-3.0,Moderate,Single,Supported by family,No,Occasionally,Small,Yes,Absent,Yes,Stressful,Yes,,Yes,Yes,Yes,Yes,Yes,,,
1038,Male,4th,3.0-3.5,Moderate,Single,Self Earner,Yes,Occasionally,Small,Yes,Absent,Yes,Stressful,Yes,,Yes,Yes,Yes,Yes,Yes,,,
1039,Male,4th,2.5-3.0,Moderate,Single,Supported by family,Yes,Occasionally,Small,Yes,Absent,Yes,Stressful,Yes,,Yes,Yes,Yes,Yes,Yes,,,
1040,Male,4th,2.5-3.0,Moderate,Single,Supported by family,Yes,Occasionally,Small,Yes,Absent,No,Stressful,Yes,,Yes,Yes,No,Yes,Yes,,,
1041,Female,4th,3.0-3.5,Moderate,Single,Self Earner,No,Occasionally,Small,Yes,Absent,Yes,Stressful,Yes,,Yes,Yes,Yes,Yes,Yes,,,
1042,Female,2nd,2.5-3.0,Supportive,Single,Self Earner,No,Occasionally,Small,Yes,Absent,Yes,Stressful,Yes,,Yes,Yes,Yes,Yes,Yes,,,
1043,Male,4th,3.0-3.5,Moderate,Single,Self Earner,No,Occasionally,Small,Yes,Absent,Yes,Stressful,Yes,,Yes,Yes,Yes,Yes,Yes,,,
1044,Male,4th,2.5-3.0,Supportive,Single,Supported by family,No,Occasionally,Small,Yes,Absent,No,Stressful,Yes,,Yes,Yes,No,Yes,Yes,,,
1045,Male,4th,3.0-3.5,Not Supportive,Single,Self Earner,Yes,Occasionally,Small,No,Absent,No,Stressful,No,,No,Yes,No,No,No,,,
1046,Female,4th,3.0-3.5,Moderate,Married,Supported by family,No,Occasionally,Small,Yes,Absent,Yes,Stressful,Yes,,Yes,Yes,Yes,Yes,Yes,,,
1047,Male,2nd,2.5-3.0,Moderate,Single,Supported by family,No,Occasionally,Small,Yes,Absent,No,Stressful,Yes,,Yes,Yes,No,Yes,Yes,,,
1048,Female,3rd,2.5-3.0,Supportive,Single,Supported by family,No,Occasionally,Small,Moderate,Absent,No,Stressful,No,,No,No,No,Yes,No,,,
1049,Male,4th,2.5-3.0,Supportive,Single,Supported by family,No,Occasionally,Small,No,Absent,Yes,Stressful,Yes,,No,Yes,Yes,Yes,Yes,,,
1050,Male,4th,2.5-3.0,Moderate,Single,Self Earner,Yes,Occasionally,Small,Yes,Absent,Yes,Stressful,Yes,,Yes,Yes,Yes,Yes,Yes,,,
1051,Male,4th,2.5-3.0,Supportive,Single,Self Earner,No,Frequently,Large,Moderate,Absent,No,Stressful,No,,No,No,No,Yes,No,,,
1052,Male,4th,3.0-3.5,Not Supportive,Single,Self Earner,No,Occasionally,Small,Yes,Absent,Yes,Stressful,Yes,,Yes,Yes,Yes,Yes,Yes,,,
1053,Female,2nd,2.5-3.0,Not Supportive,Married,Self Earner,No,Occasionally,Small,Yes,Absent,Yes,Stressful,Yes,Nothing :),Yes,Yes,Yes,Yes,Yes,,,
1054,Male,3rd,3.0-3.5,Moderate,Single,Self Earner,Yes,Occasionally,Small,Yes,Absent,Yes,Stressful,Yes,,Yes,Yes,Yes,Yes,Yes,,,
1055,Male,2nd,2.5-3.0,Not Supportive,Single,Self Earner,No,Occasionally,Small,Yes,Absent,Yes,Stressful,Yes,,Yes,Yes,Yes,Yes,Yes,,,
1056,Male,2nd,3.5-3.8,Moderate,Single,Self Earner,No,Occasionally,Small,Yes,Absent,Yes,Stressful,Yes,,Yes,Yes,Yes,Yes,Yes,,,
1057,Male,3rd,3.8-4.00,Supportive,Single,Supported by family,No,Occasionally,Large,No,Absent,No,Stressful,No,,No,Yes,No,No,No,,,
1058,Female,4th,2.5-3.0,Supportive,Single,Self Earner,No,Occasionally,Small,Yes,Absent,Yes,Stressful,Yes,,Yes,Yes,Yes,Yes,Yes,,,
1059,Male,4th,3.0-3.5,Moderate,Single,Supported by family,No,Occasionally,Small,Yes,Absent,Yes,Stressful,Yes,,Yes,Yes,Yes,Yes,Yes,,,
1060,Male,4th,3.5-3.8,Moderate,Single,Self Earner,Yes,Occasionally,Small,Yes,Absent,Yes,Stressful,Yes,,Yes,Yes,Yes,Yes,Yes,,,
1061,Female,4th,3.0-3.5,Moderate,Married,Supported by family,No,Occasionally,Moderate,Yes,Absent,Yes,Stressful,Yes,,Yes,Yes,Yes,Yes,Yes,,,
1062,Male,4th,2.5-3.0,Supportive,Single,Supported by family,No,Occasionally,Moderate,Yes,Absent,Yes,Stressful,Yes,,Yes,Yes,Yes,Yes,Yes,,,
1063,Male,4th,3.0-3.5,Moderate,Single,Supported by family,No,Occasionally,Small,Yes,Absent,No,Stressful,Yes,,Yes,Yes,No,Yes,Yes,,,
1064,Male,4th,2.5-3.0,Moderate,Single,Self Earner,Yes,Occasionally,Small,Yes,Absent,Yes,Stressful,Yes,,Yes,Yes,Yes,Yes,Yes,,,
1065,Female,4th,3.0-3.5,Moderate,Married,Supported by family,No,Occasionally,Small,Yes,Absent,No,Adjustable,No,,Yes,No,No,No,No,,,
1066,Male,4th,2.5-3.0,Moderate,Single,Self Earner,No,Occasionally,Moderate,Yes,Absent,Yes,Stressful,Yes,,Yes,Yes,Yes,Yes,Yes,,,
1067,Male,4th,2.5-3.0,Supportive,Single,Supported by family,No,Occasionally,Small,Yes,Absent,No,Stressful,Yes,,Yes,Yes,No,Yes,Yes,,,
1068,Male,3rd,3.8-4.00,Moderate,Single,Self Earner,Yes,Occasionally,Large,No,Absent,No,Adjustable,No,,No,No,No,No,No,,,
1069,Female,1st,3.5-3.8,Not Supportive,Single,Self Earner,No,Occasionally,Moderate,Yes,Absent,Yes,Stressful,Yes,,Yes,Yes,Yes,Yes,Yes,,,
1070,Female,4th,2.5-3.0,Moderate,Single,Supported by family,No,Occasionally,Small,Yes,Absent,Yes,Stressful,Yes,Education is not for this country,Yes,Yes,Yes,Yes,Yes,,,
1071,Female,1st,2.5-3.0,Moderate,Married,Supported by family,No,Occasionally,Moderate,Yes,Absent,No,Stressful,Yes,,Yes,Yes,No,Yes,Yes,,,
1072,Male,3rd,3.0-3.5,Moderate,Single,Supported by family,No,Occasionally,Small,Yes,Absent,No,Stressful,Yes,,Yes,Yes,No,Yes,Yes,,,
1073,Male,3rd,3.0-3.5,Supportive,Married,Supported by family,No,Occasionally,Moderate,Moderate,Absent,Yes,Stressful,Yes,,No,Yes,Yes,Yes,Yes,,,
1074,Male,3rd,3.5-3.8,Moderate,Single,Self Earner,Yes,Occasionally,Moderate,Moderate,Absent,No,Stressful,Yes,,No,Yes,No,Yes,Yes,,,
1075,Female,3rd,3.0-3.5,Supportive,Single,Self Earner,No,Occasionally,Small,Yes,Absent,Yes,Stressful,Yes,,Yes,Yes,Yes,Yes,Yes,,,
1076,Male,3rd,3.0-3.5,Moderate,Single,Self Earner,Yes,Occasionally,Moderate,Moderate,Absent,No,Stressful,Yes,,No,Yes,No,Yes,Yes,,,
1077,Female,3rd,3.0-3.5,Supportive,Single,Supported by family,No,Occasionally,Small,Yes,Absent,Yes,Stressful,Yes,,Yes,Yes,Yes,Yes,Yes,,,
1078,Female,3rd,3.5-3.8,Moderate,Single,Supported by family,No,Occasionally,Small,Moderate,Absent,No,Stressful,Yes,,No,Yes,No,Yes,Yes,,,
1079,Male,3rd,2.5-3.0,Moderate,Single,Self Earner,Yes,Occasionally,Moderate,Moderate,Absent,Yes,Stressful,Yes,,No,Yes,Yes,Yes,Yes,,,
1080,Male,3rd,3.0-3.5,Supportive,Single,Self Earner,Yes,Occasionally,Moderate,Moderate,Absent,No,Stressful,Yes,,No,Yes,No,Yes,Yes,,,
1081,Male,3rd,3.5-3.8,Supportive,Single,Supported by family,No,Occasionally,Small,Yes,Absent,No,Stressful,Yes,,Yes,Yes,No,Yes,Yes,,,
1082,Male,3rd,2.5-3.0,Moderate,Single,Self Earner,No,Occasionally,Small,No,Absent,No,Stressful,Yes,,No,Yes,No,Yes,Yes,,,
1083,Male,3rd,2.5-3.0,Supportive,Single,Self Earner,Yes,Occasionally,Large,No,Absent,No,Adjustable,No,,No,No,No,No,No,,,
1084,Female,3rd,3.0-3.5,Supportive,Single,Supported by family,No,Occasionally,Small,Yes,Absent,No,Stressful,Yes,,Yes,Yes,No,Yes,Yes,,,
1085,Male,3rd,3.5-3.8,Moderate,Single,Supported by family,No,Occasionally,Moderate,Moderate,Absent,No,Stressful,Yes,,No,Yes,No,Yes,Yes,,,
1086,Female,3rd,3.0-3.5,Supportive,Married,Supported by family,No,Occasionally,Large,No,Absent,No,Adjustable,No,,No,No,No,No,No,,,
1087,Female,4th,3.5-3.8,Moderate,Single,Supported by family,No,Occasionally,Small,Moderate,Absent,No,Stressful,Yes,I always feel depressed whenever mid arrives,No,Yes,No,Yes,Yes,,,
1088,Male,4th,3.0-3.5,Moderate,Single,Self Earner,Yes,Occasionally,Moderate,Moderate,Absent,No,Stressful,Yes,,No,Yes,No,Yes,Yes,,,
1089,Female,1st,3.0-3.5,Moderate,Single,Supported by family,No,Occasionally,Small,Yes,Absent,No,Stressful,Yes,,Yes,Yes,No,Yes,Yes,,,
1090,Male,1st,3.8-4.00,Moderate,Single,Supported by family,Yes,Occasionally,Moderate,Moderate,Absent,Yes,Stressful,Yes,,No,Yes,Yes,Yes,Yes,,,
1091,Male,1st,3.0-3.5,Moderate,Single,Self Earner,Yes,Occasionally,Moderate,Moderate,Absent,No,Stressful,Yes,,No,Yes,No,Yes,Yes,,,
1092,Male,1st,2.5-3.0,Supportive,Single,Self Earner,Yes,Occasionally,Large,Moderate,Absent,Yes,Stressful,Yes,,No,Yes,Yes,Yes,Yes,,,
1093,Male,1st,2.5-3.0,Not Supportive,Single,Supported by family,Yes,Occasionally,Large,Moderate,Absent,Yes,Stressful,Yes,,No,Yes,Yes,Yes,Yes,,,
1094,Female,1st,3.5-3.8,Moderate,Married,Supported by family,No,Occasionally,Small,Yes,Absent,No,Stressful,Yes,,Yes,Yes,No,Yes,Yes,,,
1095,Female,1st,3.0-3.5,Supportive,Single,Supported by family,No,Occasionally,Large,No,Absent,No,Adjustable,No,,No,No,No,No,No,,,
1096,Female,1st,3.5-3.8,Moderate,Single,Self Earner,No,Occasionally,Moderate,Yes,Absent,Yes,Stressful,Yes,,Yes,Yes,Yes,Yes,Yes,,,
1097,Male,1st,2.5-3.0,Not Supportive,Single,Self Earner,Yes,Occasionally,Small,Yes,Absent,Yes,Stressful,Yes,,Yes,Yes,Yes,Yes,Yes,,,
1098,Male,1st,3.0-3.5,Supportive,Single,Supported by family,Yes,Occasionally,Small,Moderate,Absent,Yes,Stressful,Yes,Public university is a giant curse for Bangladeshi students,No,Yes,Yes,Yes,Yes,,,
1099,Male,1st,3.0-3.5,Moderate,Single,Supported by family,Yes,Occasionally,Moderate,Moderate,Absent,No,Stressful,Yes,,No,Yes,No,Yes,Yes,,,
1100,Male,1st,3.8-4.00,Moderate,Single,Self Earner,No,Occasionally,Small,Moderate,Absent,No,Adjustable,No,,No,No,No,No,No,,,
1101,Male,1st,3.0-3.5,Supportive,Single,Self Earner,Yes,Occasionally,Large,Yes,Absent,Yes,Stressful,Yes,,Yes,Yes,Yes,Yes,Yes,,,
1102,Female,1st,3.0-3.5,Supportive,Single,Self Earner,No,Occasionally,Moderate,Yes,Absent,No,Adjustable,No,,Yes,No,No,No,No,,,
1103,Male,1st,3.0-3.5,Moderate,Single,Supported by family,No,Occasionally,Large,Moderate,Absent,No,Stressful,Yes,"Good wishes apu :""')",No,Yes,No,Yes,Yes,,,
1104,Female,1st,3.5-3.8,Supportive,Married,Supported by family,No,Occasionally,Moderate,No,Absent,No,Adjustable,Yes,N/A,Yes,No,No,No,Yes,,,
1105,Female,1st,3.8-4.00,Supportive,Single,Supported by family,No,Occasionally,Small,Yes,Absent,No,Stressful,Yes,,Yes,Yes,No,Yes,Yes,,,
1106,Male,1st,3.5-3.8,Not Supportive,Single,Self Earner,No,Occasionally,Large,No,Absent,No,Stressful,Yes,Nothin,No,Yes,No,Yes,Yes,,,
1107,Female,2nd,3.0-3.5,Moderate,Married,Supported by family,No,Occasionally,Small,Moderate,Absent,No,Stressful,Yes,,No,Yes,No,Yes,Yes,,,
1108,Male,2nd,2.5-3.0,Moderate,Single,Self Earner,Yes,Occasionally,Large,Yes,Absent,Yes,Stressful,Yes,,Yes,Yes,Yes,Yes,Yes,,,
1109,Male,2nd,3.0-3.5,Moderate,Single,Self Earner,Yes,Occasionally,Small,Yes,Absent,No,Stressful,Yes,,Yes,Yes,No,Yes,Yes,,,
1110,Male,2nd,3.0-3.5,Moderate,Single,Self Earner,Yes,Occasionally,Small,Yes,Absent,No,Stressful,Yes,,Yes,Yes,No,Yes,Yes,,,
1111,Male,2nd,3.0-3.5,Supportive,Single,Supported by family,No,Frequently,Small,No,Absent,No,Stressful,No,,No,No,No,Yes,No,,,
1112,Female,2nd,3.0-3.5,Moderate,Single,Supported by family,No,Occasionally,Small,Yes,Absent,No,Stressful,Yes,,Yes,Yes,No,Yes,Yes,,,
1113,Female,2nd,3.5-3.8,Supportive,Single,Supported by family,No,Frequently,Small,No,Absent,No,Adjustable,Yes,,No,No,Yes,No,Yes,,,
1114,Male,2nd,3.0-3.5,Moderate,Single,Supported by family,No,Frequently,Moderate,Moderate,Absent,No,Stressful,Yes,,No,Yes,No,Yes,Yes,,,
1115,Male,2nd,2.5-3.0,Moderate,Single,Self Earner,Yes,Frequently,Moderate,Moderate,Absent,Yes,Stressful,Yes,,No,Yes,Yes,Yes,Yes,,,
1116,Male,2nd,2.5-3.0,Supportive,Single,Supported by family,Yes,Occasionally,Small,No,Absent,No,Stressful,Yes,,No,Yes,No,Yes,Yes,,,
1117,Female,2nd,3.0-3.5,Moderate,Married,Self Earner,No,Frequently,Small,Yes,Absent,Yes,Stressful,Yes,,Yes,Yes,Yes,Yes,Yes,,,
1118,Female,2nd,3.0-3.5,Not Supportive,Single,Self Earner,No,Occasionally,Moderate,Moderate,Absent,No,Stressful,No,,No,Yes,No,No,No,,,
1119,Female,2nd,3.0-3.5,Not Supportive,Single,Self Earner,Yes,Frequently,Large,Yes,Absent,No,Stressful,Yes,,Yes,Yes,No,Yes,Yes,,,
1120,Male,2nd,2.5-3.0,Moderate,Single,Supported by family,Yes,Occasionally,Moderate,Moderate,Absent,Yes,Stressful,Yes,,No,Yes,Yes,Yes,Yes,,,
1121,Male,2nd,2.5-3.0,Moderate,Single,Supported by family,No,Frequently,Small,No,Absent,No,Stressful,Yes,,No,Yes,No,Yes,Yes,,,
1122,Female,2nd,2.5-3.0,Moderate,Single,Self Earner,No,Occasionally,Small,Yes,Absent,Yes,Stressful,Yes,,Yes,Yes,Yes,Yes,Yes,,,
1123,Male,2nd,3.5-3.8,Moderate,Single,Self Earner,Yes,Occasionally,Moderate,Moderate,Absent,Yes,Stressful,Yes,,No,Yes,Yes,Yes,Yes,,,
1124,Male,2nd,2.5-3.0,Supportive,Single,Supported by family,Yes,Occasionally,Small,Yes,Absent,Yes,Stressful,Yes,,Yes,Yes,Yes,Yes,Yes,,,
1125,Male,2nd,2.5-3.0,Moderate,Single,Self Earner,Yes,Occasionally,Moderate,Yes,Absent,No,Stressful,Yes,,Yes,Yes,No,Yes,Yes,,,
1126,Female,3rd,3.0-3.5,Supportive,Single,Supported by family,No,Occasionally,Moderate,No,Absent,No,Stressful,Yes,,No,Yes,No,Yes,Yes,,,
1127,Female,3rd,3.0-3.5,Not Supportive,Single,Self Earner,No,Occasionally,Small,Yes,Absent,No,Stressful,Yes,,Yes,Yes,No,Yes,Yes,,,
1128,Female,1st,3.0-3.5,Moderate,Single,Supported by family,No,Frequently,Small,Yes,Absent,Yes,Stressful,Yes,,Yes,Yes,Yes,Yes,Yes,,,
1129,Male,3rd,3.8-4.00,Moderate,Single,Self Earner,Yes,Occasionally,Moderate,Moderate,Absent,No,Adjustable,No,,No,No,No,No,No,,,
1130,Male,3rd,3.0-3.5,Supportive,Single,Self Earner,No,Occasionally,Small,Yes,Absent,No,Stressful,Yes,,Yes,Yes,No,Yes,Yes,,,
1131,Female,3rd,3.0-3.5,Not Supportive,Single,Self Earner,No,Occasionally,Small,Yes,Absent,Yes,Stressful,Yes,,Yes,Yes,Yes,Yes,Yes,,,
1132,Female,3rd,3.0-3.5,Supportive,Single,Supported by family,No,Occasionally,Small,Yes,Absent,No,Stressful,Yes,,Yes,Yes,No,Yes,Yes,,,
1133,Male,3rd,3.0-3.5,Moderate,Single,Supported by family,No,Occasionally,Small,Moderate,Absent,No,Stressful,Yes,,No,Yes,No,Yes,Yes,,,
1134,Male,3rd,2.5-3.0,Moderate,Single,Self Earner,Yes,Frequently,Small,Yes,Absent,No,Stressful,Yes,,Yes,Yes,No,Yes,Yes,,,
1135,Male,3rd,3.0-3.5,Not Supportive,Single,Self Earner,Yes,Occasionally,Small,Yes,Absent,No,Stressful,Yes,,Yes,Yes,No,Yes,Yes,,,
1136,Male,3rd,2.5-3.0,Moderate,Single,Self Earner,Yes,Occasionally,Small,Yes,Absent,Yes,Stressful,Yes,,Yes,Yes,Yes,Yes,Yes,,,
1137,Female,1st,3.5-3.8,Supportive,Single,Supported by family,No,Occasionally,Moderate,Yes,Absent,No,Stressful,Yes,,Yes,Yes,No,Yes,Yes,,,
1138,Female,1st,3.0-3.5,Moderate,Single,Supported by family,No,Frequently,Small,Yes,Absent,No,Stressful,Yes,,Yes,Yes,No,Yes,Yes,,,
1139,Male,1st,3.0-3.5,Not Supportive,Single,Self Earner,Yes,Frequently,Moderate,Yes,Absent,No,Stressful,Yes,,Yes,Yes,No,Yes,Yes,,,
1140,Male,1st,2.5-3.0,Moderate,Single,Self Earner,Yes,Occasionally,Small,Yes,Absent,No,Stressful,Yes,,Yes,Yes,No,Yes,Yes,,,
1141,Female,4th,3.0-3.5,Not Supportive,Single,Supported by family,No,Occasionally,Small,Yes,Absent,Yes,Stressful,Yes,,Yes,Yes,Yes,Yes,Yes,,,
1142,Male,4th,3.0-3.5,Not Supportive,Single,Self Earner,No,Occasionally,Small,Moderate,Absent,No,Stressful,Yes,,No,Yes,No,Yes,Yes,,,
1143,Male,3rd,2.5-3.0,Moderate,Single,Self Earner,Yes,Frequently,Small,Yes,Absent,Yes,Stressful,Yes,,Yes,Yes,Yes,Yes,Yes,,,
1144,Male,3rd,3.0-3.5,Moderate,Single,Self Earner,Yes,Frequently,Moderate,Yes,Absent,No,Stressful,Yes,,Yes,Yes,No,Yes,Yes,,,
1145,Female,1st,3.8-4.00,Supportive,Single,Supported by family,No,Frequently,Large,No,Absent,No,Adjustable,No,,No,No,No,No,No,,,
1146,Female,1st,3.5-3.8,Moderate,Single,Supported by family,No,Frequently,Small,Moderate,Absent,No,Stressful,Yes,,No,Yes,No,Yes,Yes,,,
1147,Female,1st,3.5-3.8,Moderate,Single,Self Earner,No,Occasionally,Small,Yes,Absent,No,Stressful,Yes,,Yes,Yes,No,Yes,Yes,,,
1148,Female,3rd,3.0-3.5,Supportive,Married,Supported by family,No,Occasionally,Moderate,Yes,Absent,No,Stressful,Yes,,Yes,Yes,No,Yes,Yes,,,
1149,Male,1st,3.0-3.5,Moderate,Single,Self Earner,Yes,Occasionally,Small,Yes,Absent,No,Stressful,Yes,,Yes,Yes,No,Yes,Yes,,,
1150,Male,1st,3.0-3.5,Not Supportive,Single,Self Earner,Yes,Occasionally,Small,Yes,Absent,Yes,Stressful,Yes,,Yes,Yes,Yes,Yes,Yes,,,
1151,Male,2nd,3.0-3.5,Moderate,Single,Self Earner,Yes,Occasionally,Small,Yes,Absent,Yes,Stressful,Yes,,Yes,Yes,Yes,Yes,Yes,,,
1152,Female,2nd,3.0-3.5,Supportive,Single,Supported by family,No,Occasionally,Small,Yes,Absent,No,Stressful,Yes,,Yes,Yes,No,Yes,Yes,,,
1153,Male,2nd,3.0-3.5,Moderate,Single,Self Earner,Yes,Occasionally,Moderate,Moderate,Absent,Yes,Stressful,Yes,,No,Yes,Yes,Yes,Yes,,,
1154,Male,2nd,2.5-3.0,Supportive,Single,Supported by family,No,Occasionally,Small,No,Absent,No,Stressful,Yes,,No,Yes,No,Yes,Yes,,,
1155,Male,4th,3.0-3.5,Moderate,Single,Self Earner,Yes,Occasionally,Moderate,Moderate,Absent,Yes,Stressful,Yes,,No,Yes,Yes,Yes,Yes,,,
1156,Male,4th,3.0-3.5,Supportive,Single,Supported by family,Yes,Occasionally,Large,Moderate,Absent,Yes,Stressful,Yes,,No,Yes,Yes,Yes,Yes,,,
1157,Female,4th,3.0-3.5,Supportive,Single,Self Earner,Yes,Occasionally,Small,Yes,Absent,Yes,Stressful,Yes,,Yes,Yes,Yes,Yes,Yes,,,
1158,Female,4th,3.0-3.5,Moderate,Single,Supported by family,No,Occasionally,Small,Yes,Absent,No,Stressful,Yes,,Yes,Yes,No,Yes,Yes,,,
1159,Female,4th,3.5-3.8,Moderate,Married,Self Earner,No,Occasionally,Small,Yes,Absent,No,Stressful,Yes,,Yes,Yes,No,Yes,Yes,,,
1160,Male,4th,3.0-3.5,Moderate,Single,Self Earner,Yes,Occasionally,Moderate,Moderate,Absent,Yes,Stressful,Yes,,No,Yes,Yes,Yes,Yes,,,
1161,Female,4th,3.5-3.8,Moderate,Single,Supported by family,No,Frequently,Large,Yes,Absent,Yes,Stressful,Yes,,Yes,Yes,Yes,Yes,Yes,,,
1162,Female,4th,3.8-4.00,Supportive,Single,Supported by family,No,Occasionally,Moderate,Moderate,Absent,No,Adjustable,No,,No,No,No,No,No,,,
1163,Male,4th,3.0-3.5,Not Supportive,Single,Self Earner,No,Occasionally,Large,Yes,Absent,No,Stressful,Yes,,Yes,Yes,No,Yes,Yes,,,
1164,Male,4th,3.0-3.5,Moderate,Single,Supported by family,No,Occasionally,Small,Yes,Absent,Yes,Stressful,Yes,,Yes,Yes,Yes,Yes,Yes,,,
1165,Male,4th,2.5-3.0,Moderate,Single,Self Earner,Yes,Occasionally,Small,Yes,Absent,Yes,Stressful,Yes,My cgpa destroys my career..What should I do now??,Yes,Yes,Yes,Yes,Yes,,,
1166,Male,4th,3.0-3.5,Moderate,Single,Self Earner,Yes,Occasionally,Moderate,Yes,Absent,Yes,Stressful,Yes,,Yes,Yes,Yes,Yes,Yes,,,
1167,Male,4th,3.5-3.8,Supportive,Single,Supported by family,No,Occasionally,Moderate,Yes,Absent,Yes,Stressful,Yes,,Yes,Yes,Yes,Yes,Yes,,,
1168,Female,2nd,3.8-4.00,Moderate,Single,Supported by family,No,Occasionally,Small,Yes,Absent,No,Stressful,Yes,,Yes,Yes,No,Yes,Yes,,,
1169,Female,2nd,3.0-3.5,Supportive,Single,Supported by family,No,Occasionally,Small,Yes,Absent,No,Stressful,No,,Yes,No,No,No,No,,,
1170,Male,2nd,3.0-3.5,Moderate,Single,Supported by family,Yes,Occasionally,Moderate,Yes,Absent,Yes,Stressful,Yes,,Yes,Yes,Yes,Yes,Yes,,,
1171,Male,2nd,2.5-3.0,Moderate,Single,Supported by family,Yes,Occasionally,Small,Moderate,Absent,Yes,Stressful,Yes,,No,Yes,Yes,Yes,Yes,,,
1172,Female,1st,3.0-3.5,Supportive,Single,Supported by family,No,Occasionally,Moderate,Yes,Absent,No,Stressful,Yes,,Yes,Yes,No,Yes,Yes,,,
1173,Male,1st,3.5-3.8,Moderate,Single,Supported by family,No,Occasionally,Moderate,Moderate,Absent,Yes,Stressful,Yes,,No,Yes,Yes,Yes,Yes,,,
1174,Male,1st,3.5-3.8,Supportive,Single,Supported by family,No,Occasionally,Small,Yes,Absent,Yes,Stressful,Yes,,Yes,Yes,Yes,Yes,Yes,,,
1175,Female,3rd,3.5-3.8,Moderate,Single,Self Earner,No,Frequently,Small,Yes,Absent,Yes,Stressful,Yes,,Yes,Yes,Yes,Yes,Yes,,,
1176,Male,3rd,3.5-3.8,Supportive,Single,Self Earner,Yes,Frequently,Small,Yes,Absent,Yes,Stressful,Yes,,Yes,Yes,Yes,Yes,Yes,,,
1177,Female,3rd,3.8-4.00,Supportive,Single,Supported by family,No,Occasionally,Small,Moderate,Absent,No,Stressful,Yes,,No,Yes,No,Yes,Yes,,,
1178,Female,3rd,3.0-3.5,Supportive,Single,Supported by family,No,Occasionally,Large,Yes,Absent,Yes,Stressful,Yes,,Yes,Yes,Yes,Yes,Yes,,,
1179,Male,2nd,3.0-3.5,Not Supportive,Single,Self Earner,Yes,Frequently,Small,Yes,Absent,Yes,Stressful,Yes,,Yes,Yes,Yes,Yes,Yes,,,
1180,Male,2nd,2.5-3.0,Moderate,Single,Self Earner,Yes,Frequently,Small,Yes,Absent,Yes,Stressful,Yes,,Yes,Yes,Yes,Yes,Yes,,,
1181,Male,2nd,2.5-3.0,Supportive,Single,Supported by family,Yes,Frequently,Small,Yes,Absent,No,Stressful,Yes,,Yes,Yes,No,Yes,Yes,,,
1182,Female,3rd,3.0-3.5,Moderate,Single,Supported by family,No,Frequently,Moderate,Yes,Absent,Yes,Stressful,Yes,,Yes,Yes,Yes,Yes,Yes,,,
1183,Female,1st,3.5-3.8,Supportive,Single,Supported by family,No,Frequently,Small,No,Absent,Yes,Stressful,Yes,,No,Yes,Yes,Yes,Yes,,,
1184,Male,1st,3.0-3.5,Moderate,Single,Supported by family,Yes,Frequently,Small,Moderate,Absent,Yes,Stressful,Yes,,No,Yes,Yes,Yes,Yes,,,
1185,Male,1st,2.5-3.0,Not Supportive,Single,Self Earner,Yes,Frequently,Moderate,Yes,Absent,Yes,Stressful,Yes,,Yes,Yes,Yes,Yes,Yes,,,
1186,Male,1st,3.5-3.8,Supportive,Single,Supported by family,No,Frequently,Large,Moderate,Absent,No,Stressful,Yes,,No,Yes,No,Yes,Yes,,,
1187,Male,4th,3.0-3.5,Not Supportive,Single,Self Earner,Yes,Frequently,Small,Yes,Absent,Yes,Stressful,Yes,Vlo lge na,Yes,Yes,Yes,Yes,Yes,,,
1188,Female,4th,3.8-4.00,Moderate,Single,Supported by family,No,Frequently,Small,Yes,Absent,Yes,Stressful,Yes,,Yes,Yes,Yes,Yes,Yes,,,
1189,Male,4th,3.8-4.00,Supportive,Single,Supported by family,No,Occasionally,Small,Yes,Absent,Yes,Stressful,Yes,,Yes,Yes,Yes,Yes,Yes,,,
1190,Female,4th,3.8-4.00,Supportive,Single,Supported by family,No,Occasionally,Large,Moderate,Absent,No,Stressful,Yes,,No,Yes,No,Yes,Yes,,,
1191,Male,3rd,3.0-3.5,Moderate,Single,Self Earner,Yes,Frequently,Small,Yes,Absent,No,Stressful,Yes,,Yes,Yes,No,Yes,Yes,,,
1192,Male,1st,3.0-3.5,Supportive,Single,Self Earner,Yes,Occasionally,Small,Yes,Absent,Yes,Stressful,Yes,Alhumdulillah,Yes,Yes,Yes,Yes,Yes,,,
1193,Female,2nd,3.5-3.8,Moderate,Single,Supported by family,No,Frequently,Moderate,Yes,Absent,Yes,Stressful,Yes,,Yes,Yes,Yes,Yes,Yes,,,
1194,Female,2nd,3.0-3.5,Supportive,Single,Supported by family,No,Frequently,Small,Yes,Absent,Yes,Stressful,Yes,,Yes,Yes,Yes,Yes,Yes,,,
1195,Female,2nd,3.0-3.5,Supportive,Single,Supported by family,No,Occasionally,Moderate,Yes,Absent,Yes,Stressful,Yes,,Yes,Yes,Yes,Yes,Yes,,,
1196,Male,2nd,3.0-3.5,Not Supportive,Single,Self Earner,Yes,Frequently,Small,Yes,Absent,Yes,Stressful,Yes,,Yes,Yes,Yes,Yes,Yes,,,
1197,Female,2nd,3.0-3.5,Moderate,Married,Supported by family,No,Frequently,Small,Yes,Absent,Yes,Stressful,Yes,,Yes,Yes,Yes,Yes,Yes,,,
1198,Male,2nd,3.0-3.5,Not Supportive,Single,Self Earner,Yes,Frequently,Small,Yes,Absent,Yes,Stressful,Yes,,Yes,Yes,Yes,Yes,Yes,,,
1199,Male,1st,3.5-3.8,Supportive,Single,Supported by family,No,Frequently,Moderate,No,Absent,No,Stressful,Yes,,No,Yes,No,Yes,Yes,,,
1200,Male,1st,3.0-3.5,Supportive,Single,Self Earner,Yes,Frequently,Large,Moderate,Absent,No,Stressful,Yes,,No,Yes,No,Yes,Yes,,,
1201,Female,1st,3.5-3.8,Moderate,Single,Supported by family,No,Frequently,Small,Yes,Absent,No,Adjustable,No,,Yes,No,No,No,No,,,
1202,Male,2nd,3.0-3.5,Supportive,Single,Supported by family,No,Frequently,Small,Yes,Absent,Yes,Stressful,Yes,,Yes,Yes,Yes,Yes,Yes,,,
1203,Male,2nd,2.5-3.0,Moderate,Single,Self Earner,Yes,Occasionally,Small,Yes,Absent,Yes,Stressful,Yes,,Yes,Yes,Yes,Yes,Yes,,,
1204,Female,1st,3.5-3.8,Supportive,Single,Supported by family,No,Occasionally,Large,No,Absent,No,Adjustable,No,,No,No,No,No,No,,,
1205,Female,1st,3.0-3.5,Supportive,Single,Supported by family,No,Occasionally,Small,Yes,Absent,Yes,Stressful,Yes,,Yes,Yes,Yes,Yes,Yes,,,
1206,Male,3rd,3.0-3.5,Moderate,Single,Self Earner,Yes,Frequently,Moderate,Moderate,Absent,Yes,Stressful,Yes,,No,Yes,Yes,Yes,Yes,,,
1207,Male,3rd,3.0-3.5,Moderate,Single,Self Earner,No,Occasionally,Small,Yes,Absent,Yes,Stressful,Yes,,Yes,Yes,Yes,Yes,Yes,,,
1208,Male,3rd,3.8-4.00,Supportive,Single,Supported by family,No,Occasionally,Moderate,Yes,Absent,No,Adjustable,Yes,,Yes,No,No,No,Yes,,,
1209,Female,3rd,3.8-4.00,Supportive,Single,Supported by family,No,Occasionally,Small,Yes,Absent,No,Stressful,No,,Yes,No,No,No,No,,,
1210,Female,3rd,3.5-3.8,Not Supportive,Single,Supported by family,No,Frequently,Small,Yes,Absent,Yes,Stressful,Yes,,Yes,Yes,Yes,Yes,Yes,,,
1211,Female,3rd,3.8-4.00,Supportive,Single,Supported by family,No,Occasionally,Small,Yes,Absent,Yes,Stressful,Yes,,Yes,Yes,Yes,Yes,Yes,,,
1212,Male,4th,3.0-3.5,Moderate,Single,Supported by family,No,Frequently,Small,Moderate,Absent,Yes,Stressful,Yes,I am single..plz give me a girlfrnd,No,Yes,Yes,Yes,Yes,,,
1213,Male,4th,2.5-3.0,Not Supportive,Single,Self Earner,Yes,Frequently,Moderate,Yes,Absent,Yes,Stressful,Yes,,Yes,Yes,Yes,Yes,Yes,,,
1214,Male,4th,3.5-3.8,Moderate,Single,Supported by family,Yes,Frequently,Small,Moderate,Absent,No,Stressful,Yes,,No,Yes,No,Yes,Yes,,,
1215,Female,1st,3.5-3.8,Moderate,Single,Supported by family,No,Occasionally,Large,No,Absent,No,Adjustable,No,,No,No,No,No,No,,,
1216,Male,1st,3.0-3.5,Supportive,Single,Supported by family,No,Occasionally,Moderate,No,Absent,No,Stressful,No,,No,No,No,Yes,No,,,
1217,Female,2nd,3.0-3.5,Not Supportive,Single,Self Earner,Yes,Frequently,Small,Yes,Absent,No,Stressful,Yes,,Yes,Yes,No,Yes,Yes,,,
1218,Female,2nd,3.8-4.00,Supportive,Married,Supported by family,No,Occasionally,Moderate,Moderate,Absent,No,Stressful,Yes,,No,Yes,No,Yes,Yes,,,
1219,Female,2nd,3.0-3.5,Supportive,Single,Supported by family,No,Frequently,Small,Yes,Absent,Yes,Stressful,Yes,,Yes,Yes,Yes,Yes,Yes,,,
1220,Male,3rd,3.0-3.5,Not Supportive,Single,Self Earner,Yes,Occasionally,Small,Moderate,Absent,Yes,Stressful,Yes,,No,Yes,Yes,Yes,Yes,,,
1221,Female,1st,3.0-3.5,Supportive,Single,Supported by family,No,Occasionally,Small,Yes,Absent,Yes,Stressful,Yes,,Yes,Yes,Yes,Yes,Yes,,,
1222,Male,1st,3.0-3.5,Moderate,Single,Supported by family,Yes,Occasionally,Small,Moderate,Absent,Yes,Stressful,Yes,,No,Yes,Yes,Yes,Yes,,,
1223,Male,1st,3.0-3.5,Moderate,Single,Supported by family,Yes,Occasionally,Small,Yes,Absent,Yes,Stressful,Yes,,Yes,Yes,Yes,Yes,Yes,,,
1224,Female,2nd,2.5-3.0,Supportive,Married,Supported by family,No,Occasionally,Small,Yes,Absent,Yes,Stressful,Yes,,Yes,Yes,Yes,Yes,Yes,,,
1225,Male,2nd,3.0-3.5,Moderate,Single,Self Earner,Yes,Frequently,Small,Yes,Absent,Yes,Stressful,Yes,,Yes,Yes,Yes,Yes,Yes,,,
1226,Female,4th,2.5-3.0,Supportive,Single,Supported by family,No,Occasionally,Small,Yes,Absent,Yes,Stressful,Yes,,Yes,Yes,Yes,Yes,Yes,,,
1227,Male,4th,3.0-3.5,Moderate,Single,Self Earner,Yes,Frequently,Small,Yes,Absent,Yes,Stressful,Yes,"Yes, i always feel depressed",Yes,Yes,Yes,Yes,Yes,,,
1228,Female,3rd,3.0-3.5,Moderate,Single,Supported by family,No,Frequently,Small,Yes,Absent,Yes,Stressful,Yes,I want to do research with you apu..,Yes,Yes,Yes,Yes,Yes,,,
1229,Male,2nd,3.0-3.5,Not Supportive,Single,Self Earner,Yes,Frequently,Small,Yes,Absent,Yes,Stressful,Yes,,Yes,Yes,Yes,Yes,Yes,,,
1230,Female,1st,3.5-3.8,Moderate,Single,Self Earner,No,Occasionally,Moderate,Yes,Absent,No,Stressful,Yes,,Yes,Yes,No,Yes,Yes,,,
1231,Male,1st,3.0-3.5,Supportive,Single,Supported by family,No,Occasionally,Small,Yes,Absent,No,Stressful,Yes,,Yes,Yes,No,Yes,Yes,,,
1232,Male,1st,3.0-3.5,Not Supportive,Single,Self Earner,No,Occasionally,Small,Yes,Absent,Yes,Stressful,Yes,,Yes,Yes,Yes,Yes,Yes,,,
1233,Male,1st,3.0-3.5,Not Supportive,Single,Self Earner,Yes,Frequently,Small,Yes,Absent,Yes,Stressful,Yes,,Yes,Yes,Yes,Yes,Yes,,,
1234,Male,1st,3.0-3.5,Not Supportive,Single,Self Earner,Yes,Occasionally,Small,Yes,Absent,Yes,Stressful,Yes,,Yes,Yes,Yes,Yes,Yes,,,
1235,Female,1st,3.8-4.00,Moderate,Single,Supported by family,No,Occasionally,Small,No,Absent,No,Stressful,Yes,,No,Yes,No,Yes,Yes,,,
1236,Male,1st,3.0-3.5,Moderate,Single,Self Earner,No,Occasionally,Moderate,Moderate,Absent,No,Stressful,Yes,,No,Yes,No,Yes,Yes,,,
1237,Male,1st,3.0-3.5,Supportive,Single,Supported by family,No,Occasionally,Small,No,Absent,No,Stressful,Yes,no,No,Yes,No,Yes,Yes,,,
1238,Male,1st,3.0-3.5,Supportive,Single,Supported by family,No,Occasionally,Moderate,No,Absent,No,Stressful,Yes,,No,Yes,No,Yes,Yes,,,
1239,Male,1st,3.0-3.5,Moderate,Single,Supported by family,No,Occasionally,Small,No,Absent,No,Stressful,No,,No,Yes,No,No,No,,,
1240,Male,1st,3.0-3.5,Supportive,Single,Supported by family,Yes,Frequently,Small,Yes,Absent,No,Stressful,Yes,,Yes,Yes,No,Yes,Yes,,,
1241,Female,1st,3.0-3.5,Supportive,Single,Supported by family,No,Frequently,Small,Yes,Absent,Yes,Stressful,Yes,,Yes,Yes,Yes,Yes,Yes,,,
1242,Female,2nd,3.0-3.5,Moderate,Single,Self Earner,No,Frequently,Moderate,Moderate,Absent,Yes,Stressful,Yes,,No,Yes,Yes,Yes,Yes,,,
1243,Female,2nd,3.5-3.8,Not Supportive,Single,Supported by family,No,Occasionally,Small,No,Absent,Yes,Stressful,Yes,,No,Yes,Yes,Yes,Yes,,,
1244,Male,2nd,3.0-3.5,Moderate,Single,Supported by family,Yes,Occasionally,Small,Yes,Absent,Yes,Stressful,Yes,Surviving,Yes,Yes,Yes,Yes,Yes,,,
1245,Male,2nd,2.5-3.0,Supportive,Single,Self Earner,Yes,Frequently,Large,No,Absent,Yes,Stressful,Yes,,No,Yes,Yes,Yes,Yes,,,
1246,Male,2nd,3.0-3.5,Not Supportive,Single,Self Earner,Yes,Occasionally,Small,Yes,Absent,Yes,Stressful,Yes,,Yes,Yes,Yes,Yes,Yes,,,
1247,Male,2nd,3.0-3.5,Supportive,Single,Self Earner,No,Occasionally,Small,Yes,Absent,Yes,Stressful,Yes,,Yes,Yes,Yes,Yes,Yes,,,
1248,Male,2nd,3.0-3.5,Moderate,Single,Supported by family,Yes,Occasionally,Large,Moderate,Absent,No,Stressful,No,,No,No,No,Yes,No,,,
1249,Male,2nd,2.5-3.0,Supportive,Single,Supported by family,No,Occasionally,Small,Yes,Absent,Yes,Stressful,Yes,,Yes,Yes,Yes,Yes,Yes,,,
1250,Male,2nd,3.0-3.5,Supportive,Single,Self Earner,Yes,Occasionally,Small,Yes,Absent,Yes,Stressful,Yes,,Yes,Yes,Yes,Yes,Yes,,,
1251,Male,2nd,3.5-3.8,Supportive,Single,Self Earner,Yes,Occasionally,Small,Yes,Absent,Yes,Stressful,Yes,,Yes,Yes,Yes,Yes,Yes,,,
1252,Female,2nd,2.5-3.0,Supportive,Single,Supported by family,No,Occasionally,Small,Yes,Absent,Yes,Stressful,Yes,Sometimes i think that why i was born,Yes,Yes,Yes,Yes,Yes,,,
1253,Female,2nd,3.0-3.5,Moderate,Married,Supported by family,No,Frequently,Small,Yes,Absent,Yes,Stressful,Yes,,Yes,Yes,Yes,Yes,Yes,,,
1254,Male,2nd,3.0-3.5,Not Supportive,Single,Self Earner,No,Occasionally,Small,Yes,Absent,Yes,Stressful,Yes,,Yes,Yes,Yes,Yes,Yes,,,
1255,Male,3rd,3.0-3.5,Not Supportive,Single,Self Earner,No,Occasionally,Moderate,Moderate,Absent,Yes,Stressful,Yes,,No,Yes,Yes,Yes,Yes,,,
1256,Female,2nd,3.5-3.8,Supportive,Single,Supported by family,No,Frequently,Small,Yes,Absent,Yes,Stressful,Yes,,Yes,Yes,Yes,Yes,Yes,,,
1257,Male,1st,3.0-3.5,Moderate,Single,Self Earner,Yes,Frequently,Small,Yes,Absent,Yes,Stressful,Yes,,Yes,Yes,Yes,Yes,Yes,,,
1258,Male,2nd,2.5-3.0,Not Supportive,Single,Self Earner,Yes,Occasionally,Small,Yes,Absent,Yes,Stressful,Yes,,Yes,Yes,Yes,Yes,Yes,,,
1259,Male,4th,3.0-3.5,Moderate,Single,Self Earner,No,Occasionally,Small,Yes,Absent,Yes,Stressful,Yes,,Yes,Yes,Yes,Yes,Yes,,,
1260,Female,4th,3.0-3.5,Supportive,Married,Supported by family,No,Occasionally,Small,Moderate,Absent,No,Adjustable,Yes,,Yes,No,Yes,No,No,,,
1261,Female,4th,3.8-4.00,Supportive,Single,Supported by family,No,Frequently,Small,Yes,Absent,No,Stressful,Yes,,Yes,Yes,No,Yes,Yes,,,
1262,Female,4th,3.0-3.5,Not Supportive,Single,Self Earner,No,Occasionally,Small,Yes,Absent,Yes,Stressful,Yes,,Yes,Yes,Yes,Yes,Yes,,,
1263,Male,4th,3.0-3.5,Moderate,Single,Self Earner,Yes,Frequently,Small,Moderate,Absent,No,Stressful,Yes,,No,Yes,No,Yes,Yes,,,
1264,Female,4th,2.5-3.0,Moderate,Single,Supported by family,Yes,Frequently,Moderate,Moderate,Absent,No,Stressful,No,,No,Yes,No,No,No,,,
1265,Male,4th,3.5-3.8,Not Supportive,Single,Self Earner,Yes,Occasionally,Small,No,Absent,No,Adjustable,No,,No,No,No,No,No,,,
1266,Male,4th,3.0-3.5,Supportive,Single,Supported by family,No,Frequently,Small,Yes,Absent,Yes,Stressful,Yes,,Yes,Yes,Yes,Yes,Yes,,,
1267,Female,4th,3.0-3.5,Not Supportive,Single,Supported by family,No,Frequently,Small,Yes,Absent,Yes,Stressful,Yes,,Yes,Yes,Yes,Yes,Yes,,,
1268,Female,4th,3.0-3.5,Not Supportive,Married,Self Earner,No,Frequently,Small,Yes,Absent,Yes,Stressful,Yes,,Yes,Yes,Yes,Yes,Yes,,,
1269,Female,4th,3.0-3.5,Moderate,Single,Supported by family,No,Frequently,Large,Moderate,Absent,Yes,Stressful,Yes,Good luck buddy!!,No,Yes,Yes,Yes,Yes,,,
1270,Male,4th,3.0-3.5,Not Supportive,Single,Self Earner,Yes,Frequently,Moderate,Yes,Absent,Yes,Stressful,Yes,,Yes,Yes,Yes,Yes,Yes,,,
1271,Male,3rd,3.0-3.5,Moderate,Single,Supported by family,No,Frequently,Moderate,Moderate,Absent,Yes,Stressful,Yes,,No,Yes,Yes,Yes,Yes,,,
1272,Female,3rd,3.0-3.5,Moderate,Single,Supported by family,No,Frequently,Small,Yes,Absent,Yes,Stressful,Yes,,Yes,Yes,Yes,Yes,Yes,,,
1273,Female,3rd,3.0-3.5,Supportive,Married,Self Earner,No,Frequently,Moderate,Yes,Absent,Yes,Stressful,Yes,,Yes,Yes,Yes,Yes,Yes,,,
1274,Male,3rd,3.5-3.8,Not Supportive,Single,Supported by family,No,Frequently,Small,Yes,Absent,Yes,Stressful,Yes,,Yes,Yes,Yes,Yes,Yes,,,
1275,Female,3rd,3.0-3.5,Supportive,Married,Self Earner,No,Frequently,Moderate,Yes,Absent,Yes,Stressful,Yes,,Yes,Yes,Yes,Yes,Yes,,,
1276,Male,3rd,2.5-3.0,Not Supportive,Single,Self Earner,Yes,Occasionally,Small,No,Absent,No,Stressful,No,,No,No,No,Yes,No,,,
1277,Male,3rd,2.5-3.0,Supportive,Single,Supported by family,Yes,Occasionally,Moderate,Yes,Absent,Yes,Stressful,Yes,,Yes,Yes,Yes,Yes,Yes,,,
1278,Male,3rd,2.5-3.0,Supportive,Single,Self Earner,Yes,Occasionally,Small,Yes,Absent,Yes,Stressful,Yes,Cg below 3..suggest me plz how can i go to Abroad for phd?? is it possible to get ride of this trouble?? Help me plz,Yes,Yes,Yes,Yes,Yes,,,
1279,Male,3rd,3.0-3.5,Supportive,Single,Self Earner,Yes,Occasionally,Small,Yes,Absent,Yes,Stressful,Yes,,Yes,Yes,Yes,Yes,Yes,,,
1280,Female,1st,3.0-3.5,Supportive,Single,Supported by family,Yes,Frequently,Small,Yes,Absent,Yes,Stressful,Yes,,Yes,Yes,Yes,Yes,Yes,,,
1281,Male,1st,3.0-3.5,Supportive,Single,Supported by family,Yes,Frequently,Moderate,Yes,Absent,Yes,Stressful,Yes,,Yes,Yes,Yes,Yes,Yes,,,
1282,Female,4th,3.5-3.8,Not Supportive,Single,Self Earner,Yes,Frequently,Moderate,Yes,Absent,Yes,Stressful,Yes,,Yes,Yes,Yes,Yes,Yes,,,
1283,Male,2nd,3.0-3.5,Moderate,Single,Supported by family,No,Frequently,Large,Moderate,Absent,Yes,Stressful,Yes,,No,Yes,Yes,Yes,Yes,,,
1284,Female,3rd,3.8-4.00,Moderate,Single,Supported by family,No,Frequently,Small,Yes,Absent,Yes,Stressful,Yes,Trying to survive,Yes,Yes,Yes,Yes,Yes,,,
1285,Female,4th,3.0-3.5,Not Supportive,Single,Supported by family,No,Frequently,Small,Yes,Absent,Yes,Stressful,Yes,,Yes,Yes,Yes,Yes,Yes,,,
1286,Male,4th,3.0-3.5,Supportive,Single,Self Earner,Yes,Frequently,Small,Yes,Absent,Yes,Stressful,Yes,,Yes,Yes,Yes,Yes,Yes,,,
1287,Male,2nd,3.0-3.5,Moderate,Single,Self Earner,Yes,Frequently,Large,Yes,Absent,Yes,Stressful,Yes,,Yes,Yes,Yes,Yes,Yes,,,
1288,Male,2nd,3.0-3.5,Moderate,Single,Self Earner,Yes,Frequently,Small,Yes,Absent,Yes,Stressful,Yes,,Yes,Yes,Yes,Yes,Yes,,,
1289,Male,2nd,2.5-3.0,Not Supportive,Single,Self Earner,Yes,Frequently,Small,Yes,Absent,Yes,Stressful,Yes,,Yes,Yes,Yes,Yes,Yes,,,
1290,Male,2nd,3.0-3.5,Not Supportive,Single,Self Earner,Yes,Frequently,Small,Yes,Absent,Yes,Stressful,Yes,,Yes,Yes,Yes,Yes,Yes,,,
1291,Male,2nd,3.0-3.5,Not Supportive,Single,Self Earner,Yes,Frequently,Small,Yes,Absent,Yes,Stressful,Yes,,Yes,Yes,Yes,Yes,Yes,,,
1292,Female,3rd,3.0-3.5,Moderate,Single,Self Earner,No,Frequently,Small,Yes,Absent,Yes,Stressful,Yes,,Yes,Yes,Yes,Yes,Yes,,,
1293,Male,3rd,2.5-3.0,Moderate,Single,Self Earner,Yes,Frequently,Small,Yes,Absent,Yes,Stressful,Yes,,Yes,Yes,Yes,Yes,Yes,,,
1294,Male,3rd,2.5-3.0,Supportive,Single,Self Earner,Yes,Frequently,Small,Yes,Absent,Yes,Stressful,Yes,,Yes,Yes,Yes,Yes,Yes,,,
1295,Male,1st,2.5-3.0,Supportive,Single,Supported by family,No,Frequently,Large,No,Absent,Yes,Stressful,No,,No,No,Yes,No,No,,,
1296,Female,1st,3.0-3.5,Supportive,Single,Supported by family,No,Occasionally,Moderate,No,Absent,Yes,Stressful,Yes,,No,Yes,Yes,Yes,Yes,,,
1297,Female,1st,3.5-3.8,Supportive,Single,Supported by family,No,Occasionally,Small,Yes,Absent,Yes,Stressful,Yes,,Yes,Yes,Yes,Yes,Yes,,,
1298,Female,1st,3.0-3.5,Supportive,Single,Supported by family,No,Frequently,Small,Yes,Absent,No,Stressful,No,,Yes,No,No,No,No,,,
1299,Female,1st,3.8-4.00,Supportive,Single,Supported by family,No,Occasionally,Small,No,Absent,No,Adjustable,No,,No,No,No,No,No,,,
1300,Female,1st,3.0-3.5,Moderate,Single,Self Earner,No,Occasionally,Small,Yes,Absent,Yes,Stressful,Yes,,Yes,Yes,Yes,Yes,Yes,,,
1301,Male,4th,3.0-3.5,Not Supportive,Single,Self Earner,Yes,Frequently,Small,Yes,Absent,Yes,Stressful,Yes,,Yes,Yes,Yes,Yes,Yes,,,
1302,Male,4th,3.0-3.5,Supportive,Single,Supported by family,Yes,Frequently,Small,Yes,Absent,Yes,Stressful,Yes,,Yes,Yes,Yes,Yes,Yes,,,
1303,Male,4th,3.0-3.5,Supportive,Single,Self Earner,No,Frequently,Small,Yes,Absent,Yes,Stressful,Yes,,Yes,Yes,Yes,Yes,Yes,,,
1304,Female,2nd,3.5-3.8,Supportive,Single,Supported by family,No,Frequently,Moderate,Yes,Absent,No,Stressful,No,,Yes,No,No,No,No,,,
1305,Male,1st,3.0-3.5,Moderate,Single,Supported by family,Yes,Frequently,Small,Yes,Absent,Yes,Stressful,Yes,,Yes,Yes,Yes,Yes,Yes,,,
1306,Male,1st,3.0-3.5,Not Supportive,Single,Supported by family,Yes,Frequently,Small,Yes,Absent,Yes,Stressful,Yes,,Yes,Yes,Yes,Yes,Yes,,,
1307,Male,1st,3.0-3.5,Not Supportive,Single,Self Earner,Yes,Frequently,Small,Yes,Absent,Yes,Stressful,Yes,,Yes,Yes,Yes,Yes,Yes,,,
1308,Male,1st,3.0-3.5,Not Supportive,Single,Self Earner,Yes,Frequently,Small,Yes,Absent,Yes,Stressful,Yes,,Yes,Yes,Yes,Yes,Yes,,,
1309,Male,1st,2.5-3.0,Supportive,Single,Supported by family,Yes,Frequently,Small,Yes,Absent,Yes,Stressful,Yes,,Yes,Yes,Yes,Yes,Yes,,,
1310,Female,1st,3.0-3.5,Moderate,Married,Supported by family,No,Frequently,Small,Yes,Absent,Yes,Stressful,Yes,,Yes,Yes,Yes,Yes,Yes,,,
1311,Female,1st,3.5-3.8,Not Supportive,Single,Supported by family,No,Frequently,Small,Yes,Absent,Yes,Stressful,Yes,,Yes,Yes,Yes,Yes,Yes,,,
1312,Male,1st,3.0-3.5,Moderate,Single,Self Earner,Yes,Frequently,Small,Moderate,Absent,No,Stressful,No,,No,Yes,No,No,No,,,
1313,Male,1st,3.5-3.8,Not Supportive,Single,Self Earner,Yes,Frequently,Small,Yes,Absent,Yes,Stressful,Yes,,Yes,Yes,Yes,Yes,Yes,,,
1314,Male,1st,3.0-3.5,Supportive,Single,Self Earner,Yes,Frequently,Small,Yes,Absent,Yes,Stressful,Yes,,Yes,Yes,Yes,Yes,Yes,,,
1315,Female,1st,3.0-3.5,Not Supportive,Single,Self Earner,Yes,Frequently,Small,Yes,Absent,Yes,Stressful,Yes,,Yes,Yes,Yes,Yes,Yes,,,
1316,Male,1st,3.0-3.5,Not Supportive,Single,Supported by family,Yes,Frequently,Small,Yes,Absent,Yes,Stressful,Yes,,Yes,Yes,Yes,Yes,Yes,,,
1317,Male,1st,3.0-3.5,Moderate,Single,Self Earner,Yes,Frequently,Small,No,Absent,No,Stressful,Yes,,No,Yes,No,Yes,Yes,,,
1318,Male,4th,3.0-3.5,Not Supportive,Single,Self Earner,Yes,Frequently,Moderate,Moderate,Absent,No,Stressful,No,,No,No,No,Yes,No,,,
1319,Female,4th,3.8-4.00,Supportive,Single,Supported by family,No,Frequently,Large,No,Present,No,Adjustable,No,,No,No,No,No,No,,,
1320,Female,4th,3.0-3.5,Moderate,Single,Self Earner,No,Frequently,Moderate,Yes,Absent,No,Stressful,Yes,,Yes,Yes,No,Yes,Yes,,,
1321,Female,4th,3.0-3.5,Not Supportive,Single,Self Earner,No,Frequently,Small,Yes,Absent,Yes,Stressful,Yes,,Yes,Yes,Yes,Yes,Yes,,,
1322,Male,4th,3.0-3.5,Not Supportive,Single,Supported by family,Yes,Frequently,Small,Yes,Absent,Yes,Stressful,Yes,,Yes,Yes,Yes,Yes,Yes,,,
1323,Male,4th,3.0-3.5,Moderate,Single,Supported by family,Yes,Frequently,Moderate,Moderate,Absent,Yes,Stressful,Yes,,No,Yes,Yes,Yes,Yes,,,
1324,Male,4th,3.0-3.5,Not Supportive,Single,Self Earner,Yes,Frequently,Small,Yes,Absent,No,Stressful,Yes,,Yes,Yes,No,Yes,Yes,,,
1325,Male,4th,3.0-3.5,Moderate,Single,Self Earner,Yes,Frequently,Small,Moderate,Absent,Yes,Stressful,Yes,,No,Yes,Yes,Yes,Yes,,,
1326,Male,4th,2.5-3.0,Not Supportive,Single,Self Earner,Yes,Frequently,Small,Yes,Absent,Yes,Stressful,Yes,,Yes,Yes,Yes,Yes,Yes,,,
1327,Male,4th,3.0-3.5,Supportive,Single,Self Earner,Yes,Frequently,Small,Yes,Absent,Yes,Stressful,Yes,,Yes,Yes,Yes,Yes,Yes,,,
1328,Male,3rd,3.0-3.5,Not Supportive,Single,Supported by family,Yes,Frequently,Small,Yes,Absent,Yes,Stressful,Yes,,Yes,Yes,Yes,Yes,Yes,,,
1329,Male,3rd,3.0-3.5,Not Supportive,Single,Self Earner,Yes,Frequently,Small,Yes,Absent,No,Stressful,Yes,,Yes,Yes,No,Yes,Yes,,,
1330,Female,3rd,3.0-3.5,Supportive,Single,Self Earner,Yes,Frequently,Small,Yes,Absent,Yes,Stressful,Yes,,Yes,Yes,Yes,Yes,Yes,,,
1331,Female,3rd,3.5-3.8,Not Supportive,Single,Supported by family,No,Frequently,Small,Yes,Absent,Yes,Stressful,Yes,,Yes,Yes,Yes,Yes,Yes,,,
1332,Female,3rd,3.5-3.8,Not Supportive,Married,Self Earner,No,Frequently,Small,Moderate,Absent,Yes,Stressful,Yes,,No,Yes,Yes,Yes,Yes,,,
1333,Male,3rd,2.5-3.0,Moderate,Single,Self Earner,Yes,Frequently,Small,Yes,Absent,Yes,Stressful,Yes,,Yes,Yes,Yes,Yes,Yes,,,
1334,Male,3rd,3.0-3.5,Supportive,Single,Self Earner,Yes,Frequently,Small,Yes,Absent,Yes,Stressful,Yes,,Yes,Yes,Yes,Yes,Yes,,,
1335,Male,3rd,3.0-3.5,Supportive,Single,Supported by family,Yes,Frequently,Small,Yes,Absent,Yes,Stressful,Yes,,Yes,Yes,Yes,Yes,Yes,,,
1336,Male,3rd,3.0-3.5,Not Supportive,Single,Supported by family,Yes,Frequently,Small,Yes,Absent,Yes,Stressful,Yes,,Yes,Yes,Yes,Yes,Yes,,,
1337,Male,3rd,3.0-3.5,Not Supportive,Single,Self Earner,Yes,Frequently,Small,Yes,Absent,Yes,Stressful,Yes,,Yes,Yes,Yes,Yes,Yes,,,
1338,Male,3rd,3.0-3.5,Not Supportive,Single,Self Earner,Yes,Frequently,Small,Yes,Absent,Yes,Stressful,Yes,,Yes,Yes,Yes,Yes,Yes,,,
1339,Female,1st,3.0-3.5,Moderate,Single,Self Earner,No,Frequently,Small,Yes,Absent,Yes,Stressful,Yes,,Yes,Yes,Yes,Yes,Yes,,,
1340,Male,1st,3.0-3.5,Supportive,Single,Supported by family,Yes,Frequently,Moderate,Yes,Absent,No,Stressful,Yes,,Yes,Yes,No,Yes,Yes,,,
1341,Male,1st,3.5-3.8,Moderate,Single,Self Earner,Yes,Frequently,Moderate,Yes,Absent,No,Stressful,Yes,,Yes,Yes,No,Yes,Yes,,,
1342,Female,1st,3.5-3.8,Not Supportive,Single,Supported by family,Yes,Occasionally,Small,Yes,Absent,No,Stressful,Yes,,Yes,Yes,No,Yes,Yes,,,
1343,Female,1st,3.8-4.00,Moderate,Single,Supported by family,No,Frequently,Small,Yes,Absent,No,Stressful,No,,Yes,No,No,No,No,,,
1344,Female,1st,2.5-3.0,Not Supportive,Single,Self Earner,No,Frequently,Small,Yes,Absent,Yes,Stressful,Yes,,Yes,Yes,Yes,Yes,Yes,,,
1345,Female,1st,3.0-3.5,Not Supportive,Single,Supported by family,No,Frequently,Small,Yes,Absent,Yes,Stressful,Yes,,Yes,Yes,Yes,Yes,Yes,,,
1346,Female,1st,3.0-3.5,Moderate,Single,Supported by family,No,Frequently,Small,Moderate,Absent,No,Stressful,Yes,,No,Yes,No,Yes,Yes,,,
1347,Male,1st,3.0-3.5,Not Supportive,Single,Self Earner,Yes,Frequently,Small,Yes,Absent,No,Stressful,Yes,,Yes,Yes,No,Yes,Yes,,,
1348,Male,2nd,3.0-3.5,Not Supportive,Single,Self Earner,Yes,Frequently,Small,Yes,Absent,Yes,Stressful,Yes,,Yes,Yes,Yes,Yes,Yes,,,
1349,Male,2nd,3.0-3.5,Not Supportive,Single,Self Earner,Yes,Frequently,Small,Yes,Absent,No,Stressful,Yes,,Yes,Yes,No,Yes,Yes,,,
1350,Male,2nd,2.5-3.0,Not Supportive,Single,Self Earner,Yes,Frequently,Small,Yes,Absent,Yes,Stressful,Yes,,Yes,Yes,Yes,Yes,Yes,,,
1351,Male,2nd,3.0-3.5,Not Supportive,Single,Self Earner,Yes,Frequently,Large,Yes,Present,No,Stressful,Yes,,Yes,No,No,Yes,Yes,,,
1352,Male,3rd,3.0-3.5,Not Supportive,Single,Supported by family,Yes,Frequently,Small,Yes,Absent,Yes,Stressful,Yes,,Yes,Yes,Yes,Yes,Yes,,,
1353,Female,2nd,2.5-3.0,Not Supportive,Married,Supported by family,No,Frequently,Large,Moderate,Absent,No,Stressful,Yes,,No,Yes,No,Yes,Yes,,,
1354,Male,2nd,3.0-3.5,Not Supportive,Single,Self Earner,Yes,Frequently,Small,Yes,Absent,Yes,Stressful,Yes,,Yes,Yes,Yes,Yes,Yes,,,
1355,Male,2nd,3.0-3.5,Not Supportive,Single,Self Earner,Yes,Frequently,Small,Yes,Absent,Yes,Stressful,Yes,,Yes,Yes,Yes,Yes,Yes,,,
1356,Male,2nd,3.0-3.5,Supportive,Single,Self Earner,Yes,Frequently,Small,Yes,Absent,Yes,Stressful,Yes,,Yes,Yes,Yes,Yes,Yes,,,
1357,Female,1st,3.8-4.00,Supportive,Single,Supported by family,Yes,Frequently,Small,Yes,Absent,Yes,Stressful,Yes,,Yes,Yes,Yes,Yes,Yes,,,
1358,Male,2nd,2.5-3.0,Not Supportive,Single,Self Earner,Yes,Frequently,Small,Yes,Absent,Yes,Stressful,Yes,,Yes,Yes,Yes,Yes,Yes,,,
1359,Male,4th,2.5-3.0,Moderate,Single,Self Earner,Yes,Frequently,Small,Yes,Absent,Yes,Stressful,Yes,,Yes,Yes,Yes,Yes,Yes,,,
1360,Female,4th,2.5-3.0,Not Supportive,Single,Self Earner,Yes,Frequently,Small,Yes,Absent,Yes,Stressful,Yes,,Yes,Yes,Yes,Yes,Yes,,,
1361,Female,3rd,3.0-3.5,Moderate,Single,Supported by family,Yes,Frequently,Small,Yes,Absent,Yes,Stressful,Yes,,Yes,Yes,Yes,Yes,Yes,,,
1362,Male,3rd,3.0-3.5,Not Supportive,Single,Self Earner,Yes,Frequently,Small,Yes,Absent,Yes,Stressful,Yes,,Yes,Yes,Yes,Yes,Yes,,,
1363,Male,1st,3.0-3.5,Moderate,Single,Self Earner,Yes,Frequently,Small,Yes,Absent,Yes,Stressful,Yes,,Yes,Yes,Yes,Yes,Yes,,,
1364,Male,3rd,3.0-3.5,Supportive,Single,Self Earner,Yes,Frequently,Small,Yes,Absent,No,Stressful,Yes,,Yes,Yes,No,Yes,Yes,,,
1365,Male,2nd,3.0-3.5,Moderate,Single,Self Earner,Yes,Frequently,Small,Yes,Absent,Yes,Stressful,Yes,,Yes,Yes,Yes,Yes,Yes,,,
1366,Male,1st,3.0-3.5,Moderate,Single,Self Earner,Yes,Frequently,Small,Yes,Absent,Yes,Stressful,Yes,,Yes,Yes,Yes,Yes,Yes,,,
1367,Male,3rd,2.5-3.0,Supportive,Single,Self Earner,Yes,Frequently,Small,Yes,Absent,Yes,Stressful,Yes,,Yes,Yes,Yes,Yes,Yes,,,
1368,Male,3rd,3.0-3.5,Not Supportive,Single,Self Earner,Yes,Frequently,Small,Yes,Absent,Yes,Stressful,Yes,,Yes,Yes,Yes,Yes,Yes,,,
1369,Male,3rd,3.0-3.5,Not Supportive,Single,Self Earner,Yes,Frequently,Small,Yes,Absent,Yes,Stressful,Yes,,Yes,Yes,Yes,Yes,Yes,,,
1370,Female,3rd,3.5-3.8,Supportive,Single,Supported by family,No,Frequently,Small,Yes,Absent,No,Stressful,No,,Yes,No,No,No,No,,,
1371,Female,1st,3.0-3.5,Moderate,Single,Supported by family,No,Frequently,Small,Yes,Absent,Yes,Stressful,Yes,,Yes,Yes,Yes,Yes,Yes,,,
1372,Male,1st,2.5-3.0,Not Supportive,Single,Self Earner,Yes,Frequently,Moderate,Yes,Absent,Yes,Stressful,Yes,,Yes,Yes,Yes,Yes,Yes,,,
1373,Female,1st,3.5-3.8,Supportive,Single,Supported by family,No,Frequently,Small,Moderate,Absent,No,Stressful,Yes,,No,Yes,No,Yes,Yes,,,
1374,Female,1st,3.0-3.5,Not Supportive,Single,Supported by family,No,Frequently,Small,Yes,Absent,Yes,Stressful,Yes,,Yes,Yes,Yes,Yes,Yes,,,
1375,Female,4th,3.0-3.5,Supportive,Single,Supported by family,No,Frequently,Small,Yes,Absent,No,Stressful,Yes,,Yes,Yes,No,Yes,Yes,,,
1376,Male,4th,3.0-3.5,Not Supportive,Single,Self Earner,Yes,Frequently,Small,Yes,Absent,Yes,Stressful,Yes,,Yes,Yes,Yes,Yes,Yes,,,
1377,Male,4th,3.0-3.5,Moderate,Single,Self Earner,Yes,Frequently,Moderate,Yes,Absent,Yes,Stressful,Yes,,Yes,Yes,Yes,Yes,Yes,,,
1378,Male,4th,2.5-3.0,Not Supportive,Single,Self Earner,Yes,Frequently,Small,Yes,Absent,Yes,Stressful,Yes,,Yes,Yes,Yes,Yes,Yes,,,
1379,Male,4th,2.5-3.0,Not Supportive,Single,Self Earner,Yes,Frequently,Small,Yes,Absent,Yes,Stressful,Yes,,Yes,Yes,Yes,Yes,Yes,,,
1380,Male,4th,3.0-3.5,Not Supportive,Single,Self Earner,Yes,Frequently,Small,Yes,Absent,Yes,Stressful,Yes,,Yes,Yes,Yes,Yes,Yes,,,
1381,Male,4th,3.0-3.5,Supportive,Single,Self Earner,Yes,Frequently,Small,Yes,Absent,Yes,Stressful,Yes,,Yes,Yes,Yes,Yes,Yes,,,
1382,Female,4th,3.5-3.8,Not Supportive,Single,Self Earner,Yes,Frequently,Moderate,Yes,Absent,Yes,Stressful,Yes,,Yes,Yes,Yes,Yes,Yes,,,
1383,Female,4th,3.5-3.8,Supportive,Single,Supported by family,Yes,Frequently,Small,Yes,Absent,No,Stressful,Yes,,Yes,Yes,No,Yes,Yes,,,
1384,Female,4th,3.0-3.5,Moderate,Single,Supported by family,Yes,Frequently,Small,Yes,Absent,Yes,Stressful,Yes,,Yes,Yes,Yes,Yes,Yes,,,
1385,Male,4th,3.0-3.5,Supportive,Single,Self Earner,Yes,Frequently,Small,Yes,Absent,Yes,Stressful,Yes,,Yes,Yes,Yes,Yes,Yes,,,
1386,Male,2nd,3.0-3.5,Moderate,Single,Supported by family,No,Frequently,Small,Yes,Absent,Yes,Stressful,Yes,,Yes,Yes,Yes,Yes,Yes,,,
1387,Female,2nd,3.0-3.5,Supportive,Single,Self Earner,No,Frequently,Small,Yes,Absent,Yes,Stressful,Yes,,Yes,Yes,Yes,Yes,Yes,,,
1388,Male,2nd,3.0-3.5,Moderate,Single,Self Earner,Yes,Frequently,Small,Yes,Absent,Yes,Stressful,Yes,,Yes,Yes,Yes,Yes,Yes,,,
1389,Male,2nd,3.0-3.5,Not Supportive,Single,Self Earner,Yes,Occasionally,Small,Yes,Absent,Yes,Stressful,Yes,,Yes,Yes,Yes,Yes,Yes,,,
1390,Female,2nd,3.0-3.5,Supportive,Single,Supported by family,No,Occasionally,Small,Yes,Absent,No,Stressful,Yes,,Yes,Yes,No,Yes,Yes,,,
1391,Female,2nd,3.0-3.5,Supportive,Single,Supported by family,No,Occasionally,Small,Yes,Absent,Yes,Stressful,Yes,,Yes,Yes,Yes,Yes,Yes,,,
1392,Female,2nd,3.0-3.5,Moderate,Single,Supported by family,No,Frequently,Small,Moderate,Absent,No,Stressful,Yes,,No,Yes,No,Yes,Yes,,,
1393,Male,2nd,3.0-3.5,Moderate,Single,Self Earner,Yes,Occasionally,Small,Yes,Absent,No,Stressful,Yes,,Yes,Yes,No,Yes,Yes,,,
1394,Male,2nd,3.5-3.8,Moderate,Single,Self Earner,Yes,Frequently,Moderate,Yes,Absent,Yes,Stressful,Yes,,Yes,Yes,Yes,Yes,Yes,,,
1395,Male,2nd,3.0-3.5,Supportive,Single,Self Earner,Yes,Frequently,Moderate,Yes,Absent,Yes,Stressful,Yes,,Yes,Yes,Yes,Yes,Yes,,,
1396,Male,3rd,3.0-3.5,Supportive,Single,Self Earner,Yes,Frequently,Moderate,Yes,Absent,Yes,Stressful,Yes,,Yes,Yes,Yes,Yes,Yes,,,
1397,Male,3rd,3.0-3.5,Moderate,Single,Self Earner,Yes,Frequently,Small,Yes,Absent,Yes,Stressful,Yes,,Yes,Yes,Yes,Yes,Yes,,,
1398,Female,3rd,3.0-3.5,Moderate,Single,Supported by family,Yes,Frequently,Small,Yes,Absent,Yes,Stressful,Yes,,Yes,Yes,Yes,Yes,Yes,,,
1399,Female,3rd,3.0-3.5,Supportive,Single,Self Earner,Yes,Frequently,Small,Yes,Absent,Yes,Stressful,Yes,,Yes,Yes,Yes,Yes,Yes,,,
1400,Female,3rd,3.5-3.8,Moderate,Single,Supported by family,Yes,Frequently,Small,Yes,Absent,Yes,Stressful,Yes,,Yes,Yes,Yes,Yes,Yes,,,
1401,Female,3rd,3.0-3.5,Supportive,Single,Self Earner,Yes,Frequently,Small,Yes,Absent,Yes,Stressful,Yes,,Yes,Yes,Yes,Yes,Yes,,,
1402,Female,1st,3.0-3.5,Supportive,Single,Self Earner,No,Occasionally,Moderate,Yes,Absent,No,Adjustable,No,,Yes,No,No,No,No,,,
1403,Male,2nd,3.0-3.5,Supportive,Single,Supported by family,No,Frequently,Small,No,Absent,No,Stressful,No,,No,No,No,Yes,No,,,
1404,Female,2nd,3.0-3.5,Not Supportive,Single,Self Earner,No,Occasionally,Moderate,Moderate,Absent,No,Stressful,No,,No,Yes,No,No,No,,,
1405,Male,3rd,3.8-4.00,Moderate,Single,Self Earner,Yes,Occasionally,Moderate,Moderate,Absent,No,Adjustable,No,,No,No,No,No,No,,,
1406,Female,1st,3.8-4.00,Supportive,Single,Supported by family,No,Frequently,Large,No,Absent,No,Adjustable,No,,No,No,No,No,No,,,
1407,Female,4th,3.8-4.00,Supportive,Single,Supported by family,No,Occasionally,Moderate,Moderate,Absent,No,Adjustable,No,,No,No,No,No,No,,,
1408,Female,2nd,3.0-3.5,Supportive,Single,Supported by family,No,Occasionally,Small,Yes,Absent,No,Stressful,No,,Yes,No,No,No,No,,,
1409,Female,1st,3.5-3.8,Moderate,Single,Supported by family,No,Frequently,Small,Yes,Absent,No,Adjustable,No,,Yes,No,No,No,No,,,
1410,Female,1st,3.5-3.8,Supportive,Single,Supported by family,No,Occasionally,Large,No,Absent,No,Adjustable,No,,No,No,No,No,No,,,
1411,Female,3rd,3.8-4.00,Supportive,Single,Supported by family,No,Occasionally,Small,Yes,Absent,No,Stressful,No,,Yes,No,No,No,No,,,
1412,Female,1st,3.5-3.8,Moderate,Single,Supported by family,No,Occasionally,Large,No,Absent,No,Adjustable,No,,No,No,No,No,No,,,
1413,Male,1st,3.0-3.5,Supportive,Single,Supported by family,No,Occasionally,Moderate,No,Absent,No,Stressful,No,,No,No,No,Yes,No,,,
1414,Male,1st,3.0-3.5,Moderate,Single,Supported by family,No,Occasionally,Small,No,Absent,No,Stressful,No,,No,Yes,No,No,No,,,
1415,Male,2nd,3.0-3.5,Moderate,Single,Supported by family,Yes,Occasionally,Large,Moderate,Absent,No,Stressful,No,,No,No,No,Yes,No,,,
1416,Female,4th,2.5-3.0,Moderate,Single,Supported by family,Yes,Frequently,Moderate,Moderate,Absent,No,Stressful,No,,No,Yes,No,No,No,,,
1417,Male,4th,3.5-3.8,Not Supportive,Single,Self Earner,Yes,Occasionally,Small,No,Absent,No,Adjustable,No,,No,No,No,No,No,,,
1418,Male,3rd,2.5-3.0,Not Supportive,Single,Self Earner,Yes,Occasionally,Small,No,Absent,No,Stressful,No,,No,No,No,Yes,No,,,
1419,Male,1st,2.5-3.0,Supportive,Single,Supported by family,No,Frequently,Large,No,Absent,Yes,Stressful,No,,No,No,Yes,No,No,,,
1420,Male,1st,3.8-4.00,Moderate,Single,Self Earner,No,Occasionally,Small,Moderate,Absent,No,Adjustable,No,,No,No,No,No,No,,,
